language,bench_case,precision,opt,samp_rate,buff_size,inputs,outputs,warmup_iters,run_iters,elapsed_s,ns_per_compute,ns_per_frame,ns_per_out_samp,frames_per_s,out_samp_per_s,checksum
mojo,buffer_sweep,single,O0,96000,16,0,1,100,525026,0.120534,229.57720189095397,14.348575118184623,14.348575118184623,69693331.3421939,69693331.3421939,15.24692589044571
mojo,buffer_sweep,single,O3,96000,16,0,1,100,1000000,0.090597,90.597,5.6623125,5.6623125,176606289.39148095,176606289.39148095,-11.716113150119781
mojo,buffer_sweep,double,O0,96000,16,0,1,100,540418,0.120385,222.76275031549653,13.922671894718533,13.922671894718533,71825293.84890144,71825293.84890144,-4.683137066745236
mojo,buffer_sweep,double,O3,96000,16,0,1,100,1000000,0.090772,90.772,5.67325,5.67325,176265808.8397303,176265808.8397303,-11.716113143190375
mojo,buffer_sweep,single,O0,96000,32,0,1,100,276765,0.123217,445.20441529817714,13.912637978068036,13.912637978068036,71877094.88138813,71877094.88138813,-29.620505452156067
mojo,buffer_sweep,single,O3,96000,32,0,1,100,660320,0.1199,181.57862854373636,5.674332141991761,5.674332141991761,176232193.4945788,176232193.4945788,-5.5878149145282805
mojo,buffer_sweep,double,O0,96000,32,0,1,100,282892,0.1198,423.4831667208687,13.233848960027148,13.233848960027148,75563806.3439065,75563806.3439065,14.485724529480382
mojo,buffer_sweep,double,O3,96000,32,0,1,100,660938,0.120069,181.664543421622,5.6770169819256875,5.6770169819256875,176148847.74587947,176148847.74587947,26.963039131558855
mojo,buffer_sweep,single,O0,96000,64,0,1,100,138381,0.121231,876.0668010781827,13.688543766846605,13.688543766846605,73053789.8722274,73053789.8722274,-17.438944122754037
mojo,buffer_sweep,single,O3,96000,64,0,1,100,330706,0.119989,362.8268008442544,5.669168763191475,5.669168763191475,176392702.66441092,176392702.66441092,54.185694605112076
mojo,buffer_sweep,double,O0,96000,64,0,1,100,141464,0.119276,843.1544421195498,13.174288158117966,13.174288158117966,75905429.42419264,75905429.42419264,53.06287021173086
mojo,buffer_sweep,double,O3,96000,64,0,1,100,330979,0.120307,363.4883179899631,5.679504968593173,5.679504968593173,176071683.2769498,176071683.2769498,42.11300104336169
mojo,buffer_sweep,single,O0,96000,128,0,1,100,67230,0.116746,1736.5164361148297,13.566534657147107,13.566534657147107,73710790.94786973,73710790.94786973,62.35575043223798
mojo,buffer_sweep,single,O3,96000,128,0,1,100,165407,0.120026,725.6403900681349,5.669065547407304,5.669065547407304,176395914.21858597,176395914.21858597,53.85940027558858
mojo,buffer_sweep,double,O0,96000,128,0,1,100,71830,0.1233,1716.5529722956983,13.410570096060143,13.410570096060143,74568045.41768046,74568045.41768046,-10.204897878036434
mojo,buffer_sweep,double,O3,96000,128,0,1,100,165239,0.119823,725.1496317455322,5.665231498011971,5.665231498011971,176515293.39108518,176515293.39108518,-35.4728521475161
mojo,buffer_sweep,single,O0,96000,256,0,1,100,34014,0.117542,3455.6947139413182,13.498807476333274,13.498807476333274,74080617.99186674,74080617.99186674,-9.448170512914658
mojo,buffer_sweep,single,O3,96000,256,0,1,100,82792,0.120997,1461.4576287564016,5.708818862329694,5.708818862329694,175167582.66733888,175167582.66733888,-6.510144499130547
mojo,buffer_sweep,double,O0,96000,256,0,1,100,35608,0.12163,3415.805436980454,13.342989988204899,13.342989988204899,74945720.6281345,74945720.6281345,-12.76133463802362
mojo,buffer_sweep,double,O3,96000,256,0,1,100,82798,0.121362,1465.7600425131043,5.725625166066814,5.725625166066814,174653417.0498179,174653417.0498179,-15.105264235421071
mojo,buffer_sweep,single,O0,96000,512,0,1,100,17291,0.122206,7067.607425828465,13.803920753571221,13.803920753571221,72443186.09560905,72443186.09560905,26.569989837985702
mojo,buffer_sweep,single,O3,96000,512,0,1,100,41373,0.120035,2901.2882797960024,5.666578671476567,5.666578671476567,176473328.61248803,176473328.61248803,-61.364995151758194
mojo,buffer_sweep,double,O0,96000,512,0,1,100,17801,0.121839,6844.503117802371,13.368170151957756,13.368170151957756,74804553.55017687,74804553.55017687,-45.141691803202974
mojo,buffer_sweep,double,O3,96000,512,0,1,100,41267,0.120056,2909.2495214093587,5.682127971502654,5.682127971502654,175990404.4779103,175990404.4779103,61.112312156213214
mojo,buffer_sweep,single,O0,96000,1024,0,1,100,17273,0.243263,14083.424998552655,13.753344725149077,13.753344725149077,72709585.92141016,72709585.92141016,6.33237726084009
mojo,buffer_sweep,single,O3,96000,1024,0,1,100,20663,0.120081,5811.402022939554,5.675197288026908,5.675197288026908,176205328.07021928,176205328.07021928,50.9156665362395
mojo,buffer_sweep,double,O0,96000,1024,0,1,100,17681,0.245259,13871.330807081047,13.546221491290085,13.546221491290085,73821323.5803783,73821323.5803783,-17.267968601355754
mojo,buffer_sweep,double,O3,96000,1024,0,1,100,20724,0.120361,5807.807373093998,5.671686887787107,5.671686887787107,176314387.55078474,176314387.55078474,19.528898845491867
mojo,buffer_sweep,single,O0,96000,2048,0,1,100,12894,0.364636,28279.509849542424,13.808354418721887,13.808354418721887,72419925.62445836,72419925.62445836,-37.50019358494335
mojo,buffer_sweep,single,O3,96000,2048,0,1,100,10260,0.120323,11727.38791423002,5.726263629995127,5.726263629995127,174633943.635049,174633943.635049,43.8733742339535
mojo,buffer_sweep,double,O0,96000,2048,0,1,100,13214,0.362649,27444.301498410776,13.400537841020887,13.400537841020887,74623870.46427813,74623870.46427813,-32.17830978153887
mojo,buffer_sweep,double,O3,96000,2048,0,1,100,20245,0.247548,12227.611755989134,5.970513552729069,5.970513552729069,167489779.75988495,167489779.75988495,-65.05529680028081
mojo,sample_rate_sweep,single,O0,44100,128,0,1,100,66228,0.120356,1817.2978196533188,14.197639216041553,14.197639216041553,70434245.07295024,70434245.07295024,24.325962473638356
mojo,sample_rate_sweep,single,O3,44100,128,0,1,100,156191,0.120112,769.0071771100768,6.007868571172475,6.007868571172475,166448381.5105901,166448381.5105901,-5.446340325754136
mojo,sample_rate_sweep,double,O0,44100,128,0,1,100,68139,0.119594,1755.1475660047843,13.712090359412377,13.712090359412377,72928340.88666655,72928340.88666655,-23.40086737116107
mojo,sample_rate_sweep,double,O3,44100,128,0,1,100,156083,0.120218,770.2184094360052,6.017331323718791,6.017331323718791,166186627.62647855,166186627.62647855,-15.469628876248079
mojo,sample_rate_sweep,single,O0,48000,128,0,1,100,66174,0.119621,1807.6737087073473,14.12245084927615,14.12245084927615,70809239.18041146,70809239.18041146,8.46004064805399
mojo,sample_rate_sweep,single,O3,48000,128,0,1,100,156488,0.119866,765.9756658657533,5.9841848895761975,5.9841848895761975,167107136.30220413,167107136.30220413,-15.31503928359598
mojo,sample_rate_sweep,double,O0,48000,128,0,1,100,63962,0.116543,1822.0662268221756,14.234892397048247,14.234892397048247,70249916.33989172,70249916.33989172,-15.461431878443488
mojo,sample_rate_sweep,double,O3,48000,128,0,1,100,154392,0.120253,778.8810301051868,6.085008047696772,6.085008047696772,164338320.04191163,164338320.04191163,-3.509836158502961
mojo,sample_rate_sweep,single,O0,96000,128,0,1,100,65731,0.117815,1792.3810682934993,14.002977096042963,14.002977096042963,71413385.39235242,71413385.39235242,-40.791556695476174
mojo,sample_rate_sweep,single,O3,96000,128,0,1,100,161097,0.119971,744.712812777395,5.818068849823399,5.818068849823399,171878337.26483902,171878337.26483902,-44.43410592339933
mojo,sample_rate_sweep,double,O0,96000,128,0,1,100,68957,0.121058,1755.5578113897066,13.715295401482082,13.715295401482082,72911298.7163178,72911298.7163178,7.427529485131247
mojo,sample_rate_sweep,double,O3,96000,128,0,1,100,159009,0.120535,758.0388531466772,5.9221785402084155,5.9221785402084155,168856780.18832704,168856780.18832704,-55.473460489798434
mojo,sample_rate_sweep,single,O0,192000,128,0,1,100,65649,0.118077,1798.610793766851,14.051646826303523,14.051646826303523,71166035.7224523,71166035.7224523,-68.09656435623765
mojo,sample_rate_sweep,single,O3,192000,128,0,1,100,164408,0.120008,729.9401488978639,5.7026574132645615,5.7026574132645615,175356842.8771415,175356842.8771415,-23.781472677830607
mojo,sample_rate_sweep,double,O0,192000,128,0,1,100,65941,0.116278,1763.3642195295795,13.77628296507484,13.77628296507484,72588520.61438964,72588520.61438964,-32.73962023150156
mojo,sample_rate_sweep,double,O3,192000,128,0,1,100,164839,0.122191,741.2748196725289,5.791209528691632,5.791209528691632,172675499.83222988,172675499.83222988,-26.742345914235575
